method,train_size,seed,accuracy
baseline,100,1,0.455
baseline,100,2,0.458
baseline,100,3,0.451
baseline,200,1,0.481
baseline,200,2,0.487
baseline,200,3,0.477
baseline,500,1,0.525
baseline,500,2,0.515
baseline,500,3,0.516
baseline,1000,1,0.535
baseline,1000,2,0.544
baseline,1000,3,0.543
baseline,2000,1,0.577
baseline,2000,2,0.566
baseline,2000,3,0.564
baseline,5000,1,0.614
baseline,5000,2,0.614
baseline,5000,3,0.6
ours,100,1,0.523
ours,100,2,0.524
ours,100,3,0.513
ours,200,1,0.542
ours,200,2,0.549
ours,200,3,0.555
ours,500,1,0.592
ours,500,2,0.596
ours,500,3,0.586
ours,1000,1,0.625
ours,1000,2,0.63
ours,1000,3,0.632
ours,2000,1,0.655
ours,2000,2,0.652
ours,2000,3,0.665
ours,5000,1,0.692
ours,5000,2,0.703
ours,5000,3,0.708
